{"name":"83fa696b-6d91-4029-9c49-4ee54135b048","id":"/providers/Microsoft.Flow/flows/83fa696b-6d91-4029-9c49-4ee54135b048","type":"Microsoft.Flow/flows","properties":{"apiId":"/providers/Microsoft.PowerApps/apis/shared_logicflows","displayName":"E-mail attachments naar Sharepoint","definition":{"metadata":{"workflowEntityId":null,"processAdvisorMetadata":null,"flowclientsuspensionreason":"None","flowclientsuspensiontime":null,"creator":{"id":"16e3aed5-5519-4163-8eb8-35e2610d9d70","type":"User","tenantId":"c69599cb-a28d-4462-8b10-e56da29e2b05"},"provisioningMethod":"FromDefinition","failureAlertSubscription":true,"clientLastModifiedTime":"2021-08-13T13:31:21.9395293Z"},"$schema":"https://schema.management.azure.com/providers/Microsoft.Logic/schemas/2016-06-01/workflowdefinition.json#","contentVersion":"1.0.0.0","parameters":{"$connections":{"defaultValue":{},"type":"Object"},"$authentication":{"defaultValue":{},"type":"SecureObject"}},"triggers":{"When_a_new_email_arrives_(V3)":{"splitOn":"@triggerOutputs()?['body/value']","type":"OpenApiConnectionNotification","inputs":{"host":{"apiId":"/providers/Microsoft.PowerApps/apis/shared_office365","connectionName":"shared_office365","operationId":"OnNewEmailV3"},"parameters":{"folderPath":"Inbox","from":"info@stijnjanssen.nl","includeAttachments":false,"importance":"Any","fetchOnlyWithAttachment":false},"authentication":"@parameters('$authentication')"}}},"actions":{"Create_item":{"runAfter":{},"type":"OpenApiConnection","inputs":{"host":{"apiId":"/providers/Microsoft.PowerApps/apis/shared_sharepointonline","connectionName":"shared_sharepointonline","operationId":"PostItem"},"parameters":{"dataset":"https://stijnjanssen.sharepoint.com/","table":"5ee39d79-6408-486b-a3da-77acd3d3e37c","item/Title":"@triggerOutputs()?['body/subject']"},"authentication":"@parameters('$authentication')"}},"Apply_to_each":{"foreach":"@triggerOutputs()?['body/attachments']","actions":{"Add_attachment":{"runAfter":{},"type":"OpenApiConnection","inputs":{"host":{"apiId":"/providers/Microsoft.PowerApps/apis/shared_sharepointonline","connectionName":"shared_sharepointonline","operationId":"CreateAttachment"},"parameters":{"dataset":"https://stijnjanssen.sharepoint.com/","table":"5ee39d79-6408-486b-a3da-77acd3d3e37c","itemId":"@outputs('Create_item')?['body/ID']","displayName":"@items('Apply_to_each')?['name']","body":"@items('Apply_to_each')?['contentBytes']"},"authentication":"@parameters('$authentication')"}}},"runAfter":{"Create_item":["Succeeded"]},"type":"Foreach"}}},"connectionReferences":{"shared_office365":{"connectionName":"shared-office365-e8b1576e-4af6-4879-af04-ee40-5b425514","source":"Embedded","id":"/providers/Microsoft.PowerApps/apis/shared_office365","tier":"NotSpecified"},"shared_sharepointonline":{"connectionName":"shared-sharepointonl-c73e8f81-95ef-4a68-80a3-1909-36dac37a","source":"Embedded","id":"/providers/Microsoft.PowerApps/apis/shared_sharepointonline","tier":"NotSpecified"}},"flowFailureAlertSubscribed":false}}