{
  "properties": {
    "connectionReferences": {
      "shared_flowpush": {
        "runtimeSource": "invoker",
        "connection": {
          "connectionReferenceLogicalName": "stj_sharedflowpush_e3345"
        },
        "api": {
          "name": "shared_flowpush"
        }
      }
    },
    "definition": {
      "$schema": "https://schema.management.azure.com/providers/Microsoft.Logic/schemas/2016-06-01/workflowdefinition.json#",
      "contentVersion": "1.0.0.0",
      "parameters": {
        "$connections": {
          "defaultValue": {},
          "type": "Object"
        },
        "$authentication": {
          "defaultValue": {},
          "type": "SecureObject"
        }
      },
      "triggers": {
        "manual": {
          "metadata": {
            "operationMetadataId": "f7292812-e59b-4982-b64f-3a477a30a97b"
          },
          "type": "Request",
          "kind": "Button",
          "inputs": {
            "schema": {
              "type": "object",
              "properties": {},
              "required": []
            }
          }
        }
      },
      "actions": {
        "HTTP": {
          "runAfter": {},
          "metadata": {
            "operationMetadataId": "c74b6ab3-9c0c-457f-968e-7ff2d9bb5f5e"
          },
          "type": "Http",
          "inputs": {
            "method": "GET",
            "uri": "https://www.dummyikbestanietURL.nl"
          }
        },
        "Send_me_an_email_notification": {
          "runAfter": {
            "HTTP": [
              "Failed",
              "Skipped",
              "TimedOut"
            ]
          },
          "metadata": {
            "operationMetadataId": "183e410f-98b1-48c3-b83d-0de4a6e37ed1"
          },
          "type": "OpenApiConnection",
          "inputs": {
            "host": {
              "connectionName": "shared_flowpush",
              "operationId": "SendEmailNotification",
              "apiId": "/providers/Microsoft.PowerApps/apis/shared_flowpush"
            },
            "parameters": {
              "NotificationEmailDefinition/notificationSubject": "Flow is gefaald",
              "NotificationEmailDefinition/notificationBody": "Flow 'Notify bij fail' heeft onsuccesvol gelopen, om @{utcNow()}"
            },
            "authentication": {
              "type": "Raw",
              "value": "@json(decodeBase64(triggerOutputs().headers['X-MS-APIM-Tokens']))['$ConnectionKey']"
            }
          }
        }
      }
    },
    "templateName": null
  },
  "schemaVersion": "1.0.0.0"
}