{"name":"c98dfa0a-5a5a-45c3-9ad2-89ea35cdaf09","id":"/providers/Microsoft.Flow/flows/c98dfa0a-5a5a-45c3-9ad2-89ea35cdaf09","type":"Microsoft.Flow/flows","properties":{"apiId":"/providers/Microsoft.PowerApps/apis/shared_logicflows","displayName":"Hoogste waarde uit Excel met variabele","definition":{"metadata":{"workflowEntityId":null,"processAdvisorMetadata":null,"flowclientsuspensionreason":"None","flowclientsuspensiontime":null,"flowclientsuspensionreasondetails":null,"creator":{"id":"16e3aed5-5519-4163-8eb8-35e2610d9d70","type":"User","tenantId":"c69599cb-a28d-4462-8b10-e56da29e2b05"},"provisioningMethod":"FromDefinition","failureAlertSubscription":true,"clientLastModifiedTime":"2023-03-28T06:18:11.6791147Z"},"$schema":"https://schema.management.azure.com/providers/Microsoft.Logic/schemas/2016-06-01/workflowdefinition.json#","contentVersion":"1.0.0.0","parameters":{"$connections":{"defaultValue":{},"type":"Object"},"$authentication":{"defaultValue":{},"type":"SecureObject"}},"triggers":{"manual":{"metadata":{"operationMetadataId":"b12c3907-c1d9-4467-8b65-6b2331db89cd"},"type":"Request","kind":"Button","inputs":{"schema":{"type":"object","properties":{},"required":[]}}}},"actions":{"Initialize_variable":{"runAfter":{},"metadata":{"operationMetadataId":"543e2d6a-b7f8-4f33-a681-e752d7171ede"},"type":"InitializeVariable","inputs":{"variables":[{"name":"Hoogste rating","type":"float","value":0}]}},"List_rows_present_in_a_table":{"runAfter":{"Initialize_variable":["Succeeded"]},"metadata":{"01JINUX4VQIJTZYR65EBCKRF3MJZY7CITQ":"/Films en series.xlsx","operationMetadataId":"1c69f8ee-13e5-4611-b7fb-efad4546907d","tableId":"{00000000-000C-0000-FFFF-FFFF00000000}"},"type":"OpenApiConnection","inputs":{"host":{"apiId":"/providers/Microsoft.PowerApps/apis/shared_excelonlinebusiness","connectionName":"shared_excelonlinebusiness","operationId":"GetItems"},"parameters":{"source":"me","drive":"b!V8U1gk8_tEquUxEGj77nCiQ48jD33c1Brssdu2-q86MKCMPCdBAxRasH9U9BFGVR","file":"01JINUX4VQIJTZYR65EBCKRF3MJZY7CITQ","table":"{00000000-000C-0000-FFFF-FFFF00000000}"},"authentication":{"value":"@json(decodeBase64(triggerOutputs().headers['X-MS-APIM-Tokens']))['$ConnectionKey']","type":"Raw"}}},"Apply_to_each":{"foreach":"@outputs('List_rows_present_in_a_table')?['body/value']","actions":{"Compose_2":{"runAfter":{},"metadata":{"operationMetadataId":"2cc451b5-ebbe-4ed6-935a-3efb4bab5462"},"type":"Compose","inputs":"@float(item()?['rating'])"},"Condition":{"actions":{"Set_variable":{"runAfter":{},"metadata":{"operationMetadataId":"a2201342-3f40-488f-8862-d1acf75e400c"},"type":"SetVariable","inputs":{"name":"Hoogste rating","value":"@float(item()?['rating'])"}}},"runAfter":{"Compose_2":["Succeeded"]},"expression":{"less":["@variables('Hoogste rating')","@float(item()?['rating'])"]},"metadata":{"operationMetadataId":"82544b79-6adb-4208-83ed-8a3ea150d5fa"},"type":"If"}},"runAfter":{"List_rows_present_in_a_table":["Succeeded"]},"metadata":{"operationMetadataId":"6d097149-1b0f-4c54-83fa-026b39d45517"},"type":"Foreach"},"Compose":{"runAfter":{"Apply_to_each":["Succeeded"]},"metadata":{"operationMetadataId":"84b98969-c8d3-45b7-937e-0d70b156acac"},"type":"Compose","inputs":"@variables('Hoogste rating')"}}},"connectionReferences":{"shared_excelonlinebusiness":{"connectionName":"9d0595971cfb4d648c9d8415eaf0e104","source":"Invoker","id":"/providers/Microsoft.PowerApps/apis/shared_excelonlinebusiness","tier":"NotSpecified"}},"flowFailureAlertSubscribed":false,"isManaged":false}}