{"name":"129f0f54-462f-4fa7-b490-6192d12ce811","id":"/providers/Microsoft.Flow/flows/129f0f54-462f-4fa7-b490-6192d12ce811","type":"Microsoft.Flow/flows","properties":{"apiId":"/providers/Microsoft.PowerApps/apis/shared_logicflows","displayName":"Find only owner of flow","definition":{"metadata":{"workflowEntityId":null,"processAdvisorMetadata":null,"flowclientsuspensionreason":"None","flowclientsuspensiontime":null,"flowclientsuspensionreasondetails":null,"creator":{"id":"16e3aed5-5519-4163-8eb8-35e2610d9d70","type":"User","tenantId":"c69599cb-a28d-4462-8b10-e56da29e2b05"},"provisioningMethod":"FromDefinition","failureAlertSubscription":true,"clientLastModifiedTime":"2023-03-28T12:12:28.1273645Z"},"$schema":"https://schema.management.azure.com/providers/Microsoft.Logic/schemas/2016-06-01/workflowdefinition.json#","contentVersion":"1.0.0.0","parameters":{"$connections":{"defaultValue":{},"type":"Object"},"$authentication":{"defaultValue":{},"type":"SecureObject"}},"triggers":{"manual":{"metadata":{"operationMetadataId":"fc0cd573-af18-4424-bf1f-3777f792bb5d"},"type":"Request","kind":"Button","inputs":{"schema":{"type":"object","properties":{"text":{"title":"User display name","type":"string","x-ms-dynamically-added":true,"description":"Enter user display name","x-ms-content-hint":"TEXT"}},"required":["text"]}}}},"actions":{"List_Flows_as_Admin":{"runAfter":{"Initialize_variable":["Succeeded"]},"metadata":{"operationMetadataId":"02cd1281-ccde-4b61-b3eb-e1b4c68df799"},"type":"OpenApiConnection","inputs":{"host":{"apiId":"/providers/Microsoft.PowerApps/apis/shared_flowmanagement","connectionName":"shared_flowmanagement","operationId":"ListFlowsInEnvironment"},"parameters":{"environmentName":"d3ec8a0f-024c-4f6c-ba2e-7ef2dc263698"},"authentication":{"value":"@json(decodeBase64(triggerOutputs().headers['X-MS-APIM-Tokens']))['$ConnectionKey']","type":"Raw"}}},"Apply_to_each_2":{"foreach":"@outputs('List_Flows_as_Admin')?['body/value']","actions":{"List_Flow_Owners":{"runAfter":{},"metadata":{"operationMetadataId":"7c4b209b-390e-412c-9eb8-11c1ca6b8d9c"},"type":"OpenApiConnection","inputs":{"host":{"apiId":"/providers/Microsoft.PowerApps/apis/shared_flowmanagement","connectionName":"shared_flowmanagement","operationId":"ListFlowOwners"},"parameters":{"environmentName":"d3ec8a0f-024c-4f6c-ba2e-7ef2dc263698","flowName":"@items('Apply_to_each_2')?['name']"},"authentication":{"value":"@json(decodeBase64(triggerOutputs().headers['X-MS-APIM-Tokens']))['$ConnectionKey']","type":"Raw"}}},"Apply_to_each_3":{"foreach":"@outputs('List_Flow_Owners')?['body/value']","actions":{"Get_user_profile_(V2)":{"runAfter":{},"metadata":{"operationMetadataId":"b3f1bc0b-86ec-4707-a904-567d08525044"},"type":"OpenApiConnection","inputs":{"host":{"apiId":"/providers/Microsoft.PowerApps/apis/shared_office365users","connectionName":"shared_office365users","operationId":"UserProfile_V2"},"parameters":{"id":"@items('Apply_to_each_3')?['properties/principal/userPrincipalName']"},"authentication":{"value":"@json(decodeBase64(triggerOutputs().headers['X-MS-APIM-Tokens']))['$ConnectionKey']","type":"Raw"}}},"Condition":{"actions":{"Append_to_array_variable":{"runAfter":{},"metadata":{"operationMetadataId":"df021d9f-de35-49f0-b62d-56d33e3b9c27"},"type":"AppendToArrayVariable","inputs":{"name":"Flows with single owner","value":"@{items('Apply_to_each_2')?['properties/displayName']} "}}},"runAfter":{"Get_user_profile_(V2)":["Succeeded"]},"expression":{"and":[{"equals":["@outputs('Get_user_profile_(V2)')?['body/displayName']","@triggerBody()['text']"]},{"equals":["@length(outputs('List_Flow_Owners')?['body/value'])",1]}]},"metadata":{"operationMetadataId":"f080ce1d-3aa5-420b-ae9e-f19f5c3e905a"},"type":"If"}},"runAfter":{"List_Flow_Owners":["Succeeded"]},"metadata":{"operationMetadataId":"e4e7e4ea-90ae-49fd-b26e-13353bca61e6"},"type":"Foreach"},"Compose":{"runAfter":{"Apply_to_each_3":["Succeeded"]},"metadata":{"operationMetadataId":"0d89c10e-07b4-491e-93b4-ce618a4517e2"},"type":"Compose","inputs":"Flows with single owner: @{join(variables('Flows with single owner'))}"}},"runAfter":{"List_Flows_as_Admin":["Succeeded"]},"metadata":{"operationMetadataId":"e662f6ac-09b8-493b-add0-b16705c8ba64"},"type":"Foreach"},"Initialize_variable":{"runAfter":{},"metadata":{"operationMetadataId":"94ab5410-336f-4f00-bb7a-d7f7893bd201"},"type":"InitializeVariable","inputs":{"variables":[{"name":"Flows with single owner","type":"array"}]}}}},"connectionReferences":{"shared_flowmanagement":{"connectionName":"shared-flowmanagemen-dbc22586-d174-43b6-bb92-83dba35b9b65","source":"Invoker","id":"/providers/Microsoft.PowerApps/apis/shared_flowmanagement","tier":"NotSpecified"},"shared_office365users":{"connectionName":"shared-office365user-063a6778-b9e9-4ebd-a58c-b61e11cb3b65","source":"Invoker","id":"/providers/Microsoft.PowerApps/apis/shared_office365users","tier":"NotSpecified"}},"flowFailureAlertSubscribed":false,"isManaged":false}}