{"name":"f4eb6ec8-8e33-47ba-be2b-8189bbe4095b","id":"/providers/Microsoft.Flow/flows/f4eb6ec8-8e33-47ba-be2b-8189bbe4095b","type":"Microsoft.Flow/flows","properties":{"apiId":"/providers/Microsoft.PowerApps/apis/shared_logicflows","displayName":"Even nummer checker","definition":{"metadata":{"workflowEntityId":null,"processAdvisorMetadata":null,"flowChargedByPaygo":null,"flowclientsuspensionreason":"None","flowclientsuspensiontime":null,"flowclientsuspensionreasondetails":null,"creator":{"id":"16e3aed5-5519-4163-8eb8-35e2610d9d70","type":"User","tenantId":"c69599cb-a28d-4462-8b10-e56da29e2b05"},"provisioningMethod":"FromDefinition","failureAlertSubscription":true,"clientLastModifiedTime":"2023-05-23T07:34:14.5724533Z"},"$schema":"https://schema.management.azure.com/providers/Microsoft.Logic/schemas/2016-06-01/workflowdefinition.json#","contentVersion":"1.0.0.0","parameters":{"$authentication":{"defaultValue":{},"type":"SecureObject"}},"triggers":{"manual":{"metadata":{"operationMetadataId":"1b40b6f9-c17e-40f9-af48-0b7c812918e9"},"type":"Request","kind":"Button","inputs":{"schema":{"type":"object","properties":{},"required":[]}}}},"actions":{"Getallen_variabele_maken":{"runAfter":{},"metadata":{"operationMetadataId":"8cebea23-5bb9-426d-948e-18cca6ef3870"},"type":"InitializeVariable","inputs":{"variables":[{"name":"Getallen","type":"array","value":[3,5,7,8,9,22,31,67,89,88]}]}},"Uitkomst_variabele_maken":{"runAfter":{"Getallen_variabele_maken":["Succeeded"]},"metadata":{"operationMetadataId":"7dbaf1ba-b76a-4c3a-aeea-a726fa107f4b"},"type":"InitializeVariable","inputs":{"variables":[{"name":"Uitkomst","type":"string","value":"De even getallen zijn: "}]},"description":"Hier maken wij de tekst variabele waar we telkens het volgende even getal aan vastplakken"},"Door_de_reeks_heen_lopen":{"foreach":"@variables('Getallen')","actions":{"Check_of_getal_even_is":{"actions":{"Append_to_string_variable":{"runAfter":{},"metadata":{"operationMetadataId":"6f313eb3-235a-4d46-a76a-7e7cd1a29000"},"type":"AppendToStringVariable","inputs":{"name":"Uitkomst","value":", @{item()}"}}},"runAfter":{},"expression":{"equals":["@mod(item(),2)",0]},"metadata":{"operationMetadataId":"020eb19d-3e31-4de5-ae12-242a19c564f0"},"type":"If","description":"Mod() geeft het restant van de deling van het eerste argument door het tweede argument. Bij deling door 2 met resultaat 0 is het eerste argument even."}},"runAfter":{"Uitkomst_variabele_maken":["Succeeded"]},"metadata":{"operationMetadataId":"c11ddb89-766e-4acb-8962-096f5d47d107"},"type":"Foreach"},"Compose":{"runAfter":{"Door_de_reeks_heen_lopen":["Succeeded"]},"metadata":{"operationMetadataId":"14330699-35a1-4aa3-a5cc-e22bbe4131f0"},"type":"Compose","inputs":"@variables('Uitkomst')"}}},"connectionReferences":{},"flowFailureAlertSubscribed":false,"isManaged":false}}