{"name":"ea263a40-0f0b-4276-8737-cb71600256a6","id":"/providers/Microsoft.Flow/flows/ea263a40-0f0b-4276-8737-cb71600256a6","type":"Microsoft.Flow/flows","properties":{"apiId":"/providers/Microsoft.PowerApps/apis/shared_logicflows","displayName":"Get Column from Dataverse Row (first) -- Meerdere wegen naar Rome","definition":{"metadata":{"workflowEntityId":null,"processAdvisorMetadata":null,"flowclientsuspensionreason":"None","flowclientsuspensiontime":null,"flowclientsuspensionreasondetails":null,"creator":{"id":"16e3aed5-5519-4163-8eb8-35e2610d9d70","type":"User","tenantId":"c69599cb-a28d-4462-8b10-e56da29e2b05"},"provisioningMethod":"FromDefinition","failureAlertSubscription":true,"clientLastModifiedTime":"2023-03-21T16:30:35.9065007Z"},"$schema":"https://schema.management.azure.com/providers/Microsoft.Logic/schemas/2016-06-01/workflowdefinition.json#","contentVersion":"1.0.0.0","parameters":{"$connections":{"defaultValue":{},"type":"Object"},"$authentication":{"defaultValue":{},"type":"SecureObject"}},"triggers":{"manual":{"metadata":{"operationMetadataId":"b5240a23-ed12-4630-85a6-fed54b10fb68"},"type":"Request","kind":"Button","inputs":{"schema":{"type":"object","properties":{},"required":[]}}}},"actions":{"List_rows":{"runAfter":{},"metadata":{"operationMetadataId":"0b8abb49-b993-4103-9b7e-22777039debb"},"type":"OpenApiConnection","inputs":{"host":{"apiId":"/providers/Microsoft.PowerApps/apis/shared_commondataserviceforapps","connectionName":"shared_commondataserviceforapps","operationId":"ListRecords"},"parameters":{"entityName":"cre94_autos"},"authentication":"@parameters('$authentication')"}},"Compose_3":{"runAfter":{"Initialize_variable":["Succeeded"]},"metadata":{"operationMetadataId":"7868d633-e816-4df1-8572-d829959b490c"},"type":"Compose","inputs":"@first(outputs('List_rows')?['body/value'])?['cre94_merk']","description":"Even proberen de eerste uit te lezen. Kolom in de rij tonen doen wij met     ?['kolomnaam']"},"Compose_4":{"runAfter":{"Compose_3":["Succeeded"]},"metadata":{"operationMetadataId":"ae95bc5d-ed40-438a-ba99-760997a8162a"},"type":"Compose","inputs":"@outputs('List_rows')?['body/value'][0]['cre94_merk']","description":"Blokhaak notatie achter elkaar aan mag ook"},"Compose_5":{"runAfter":{"Compose_4":["Succeeded"]},"metadata":{"operationMetadataId":"66c3f849-25cf-446e-aedf-c55d5bd61c71"},"type":"Compose","inputs":"@outputs('List_rows')['body/value'][0]?['cre94_merk']","description":"Zelfs zonder vraagteken mag, is dan -zonder- null check van object, dus kan error opleveren... verderop gebruiken mag ook uiteraard."},"Compose":{"runAfter":{"Compose_5":["Succeeded"]},"metadata":{"operationMetadataId":"114be830-0cfa-42bd-a7c7-b6318e8adb34"},"type":"Compose","inputs":"@outputs('List_rows').body.value[0].cre94_merk","description":"Opvragen middels punt . notatie mag ook. Let op; dan geen dynamische property namen te gebruiken"},"Initialize_variable":{"runAfter":{"List_rows":["Succeeded"]},"metadata":{"operationMetadataId":"2d1765d5-38b6-4851-b239-98c5e68ce8b5"},"type":"InitializeVariable","inputs":{"variables":[{"name":"Kolomnaam","type":"string","value":"cre94_merk"}]}},"Compose_2":{"runAfter":{"Compose":["Succeeded"]},"metadata":{"operationMetadataId":"c945ba78-518f-4f2d-b8a3-955a0146cd8a"},"type":"Compose","inputs":"@outputs('List_rows').body.value[0][variables('Kolomnaam')]","description":"Middels punt . notatie mét dynamisch gevulde eigenschap"}}},"connectionReferences":{"shared_commondataserviceforapps":{"connectionName":"62f52a3bdbd9431fa48ab436a980807d","source":"Embedded","id":"/providers/Microsoft.PowerApps/apis/shared_commondataserviceforapps","tier":"NotSpecified"}},"flowFailureAlertSubscribed":false,"isManaged":false}}