{"name":"163476f0-f553-48d1-9b0b-83a8e9a62ced","id":"/providers/Microsoft.Flow/flows/163476f0-f553-48d1-9b0b-83a8e9a62ced","type":"Microsoft.Flow/flows","properties":{"apiId":"/providers/Microsoft.PowerApps/apis/shared_logicflows","displayName":"Data operations","definition":{"metadata":{"workflowEntityId":null,"processAdvisorMetadata":null,"flowclientsuspensionreason":"None","flowclientsuspensiontime":null,"flowclientsuspensionreasondetails":null,"creator":{"id":"16e3aed5-5519-4163-8eb8-35e2610d9d70","type":"User","tenantId":"c69599cb-a28d-4462-8b10-e56da29e2b05"},"provisioningMethod":"FromDefinition","failureAlertSubscription":true,"clientLastModifiedTime":"2023-03-21T19:58:39.5893859Z"},"$schema":"https://schema.management.azure.com/providers/Microsoft.Logic/schemas/2016-06-01/workflowdefinition.json#","contentVersion":"1.0.0.0","parameters":{"$authentication":{"defaultValue":{},"type":"SecureObject"}},"triggers":{"manual":{"metadata":{"operationMetadataId":"0e0fa4ae-3a3d-4c0b-8106-0c9eab4f8c96"},"type":"Request","kind":"Button","inputs":{"schema":{"type":"object","properties":{},"required":[]}}}},"actions":{"Join":{"runAfter":{},"metadata":{"operationMetadataId":"084a42d3-87c7-4405-8db8-ef102c8019e1"},"type":"Join","inputs":{"from":[1,2,3,4,5],"joinWith":"x"}},"Filter_array":{"runAfter":{"Join":["Succeeded"]},"metadata":{"operationMetadataId":"af5d1b19-f9c4-4646-ab42-cc6a91c2cd7e"},"type":"Query","inputs":{"from":[1,2,3,4,5,6,7,8,9,10],"where":"@equals(mod(item(), 2), 0)"}},"Parse_JSON":{"runAfter":{"Filter_array":["Succeeded"]},"metadata":{"operationMetadataId":"e12f9417-eadc-48f2-bb49-e09f8f0b00af"},"type":"ParseJson","inputs":{"content":{"assortiment":[{"titel":"ChatGPT Master in a day","duur":1,"image":{"url":"chatgptl_o_g_o.jpg","alt":"ChatGPT cursus afbeelding","title":"Cursus ChatGPT"},"id":"CGM1","icon":"&#129302;","soort":"maatwerk","onderwerpen":["Introductie Artificial Intelligence","Soorten chatbots","Wat is ChatGPT?","ChatGPT als vraagbaak","ChatGPT als programmeerhulp","ChatGPT als parser","Verbinden met de ChatGPT API","Alternatieven voor ChatGPT"]},{"titel":"Power Automate in-depth","duur":3,"image":{"url":"it.jpg","alt":"Dit is een plaatje","title":"Titel van het plaatje"},"id":"PAU3","icon":"&#129517;","soort":"maatwerk","onderwerpen":["Introductie tot het Power Platform","Stroom logica","Functies in-depth","Integratie (custom connectors, gateway)","Publiceren","Beheer","Security","Flow Mobile app","Power Automate Desktop introductie"]},{"titel":"Power Apps in-depth","duur":3,"image":{"url":"it.jpg","alt":"Dit is een plaatje","title":"Titel van het plaatje"},"id":"PAP3","icon":"&#128242;","soort":"maatwerk","onderwerpen":["Introductie Power apps","Model-driven apps","Canvas apps","Datasources","Custom connectors","Canvas app teksten, formules, variabelen en sleutelwoorden","Canvas app gevorderde formules","AI Builder, bijzondere features en integraties","Custom componenten en libraries","Meertalige applicaties","Settings en testen","Solutions, delen en transporteren","Introductie YAML en Code componenten"]},{"titel":"Power Platform App Maker (PL-100)","duur":3,"image":{"url":"pl900.jpg","alt":"Dit is een plaatje","title":"Titel van het plaatje"},"id":"PPAM3","icon":"&#129331;","soort":"standaard","onderwerpen":["Model-driven applicatie bouwen","Canvas applicatie bouwen","UI en controls in een canvas app","Business processen automatiseren met Power Automate","Rapportages maken met Power BI","AI builder"]},{"titel":"Power Platform Functional Consultant (PL-200)","duur":4,"image":{"url":"pl900.jpg","alt":"Dit is een plaatje","title":"Titel van het plaatje"},"id":"PPFC4","icon":"&#128736;","soort":"standaard","onderwerpen":["Configure Microsoft Dataverse","Create apps by using Microsoft Power Apps","Create and manage Microsoft Power Automate","Implement Microsoft Power Virtual Agents chatbots","Integrate Microsoft Power Apps with other apps and services","Manage solutions"]},{"titel":"Power Automate RPA Developer (PL-500)","duur":4,"image":{"url":"it.jpg","alt":"Dit is een plaatje","title":"Titel van het plaatje"},"id":"PAR4","icon":"&#127981;","soort":"standaard","onderwerpen":["Design solutions","Develop solutions","Deploy and manage solutions"]},{"titel":"Power Platform Introduction (PL-900)","duur":1,"image":{"url":"pl900.jpg","alt":"Dit is een plaatje","title":"Titel van het plaatje"},"id":"PPI1","icon":"&#129470;","soort":"standaard","onderwerpen":["Introductie tot het Power Platform","Power Apps","De Dataverse","Power Automate","PowerBI"]},{"titel":"Custom Connector Workshop","duur":0.5,"image":{"url":"customconnectors.jpg","alt":"Dit is een plaatje","title":"Titel van het plaatje"},"id":"CC1","icon":"&#9732;","soort":"maatwerk","onderwerpen":["Introductie tot het Power Platform","Connectoren","API's","Public API's","Connector componenten","Authenticatie","Parameters","Delen en publiceren"]},{"titel":"Angular front-end development","duur":3,"image":{"url":"angular.jpg","alt":"Angular training afbeelding","title":"Titel van het plaatje"},"id":"AFD3","icon":"&#128242;","soort":"maatwerk","onderwerpen":["Setup","Data binding","Multiple components","Services","Observables","Forms","Routing"]},{"titel":"Bootcamp front-end web development","duur":3,"image":{"url":"bootcamp.jpg","alt":"Bootcamp front-end web development training","title":"Bootcamp front-end web development training"},"id":"BFWD3","icon":"&#129470;","soort":"maatwerk","onderwerpen":["Web development en API's","Block en inline elementen","Formulieren","CSS overerving","Positionering","Variabelen en expressies","Functies en objecten","Conditionals en loops","DOM manipulatie","Events","HTTP calls en modules"]},{"titel":"Programmeren in Groovy","duur":4,"image":{"url":"it.jpg","alt":"Programmeren in Groovy","title":"Programmeren in Groovy"},"id":"PIG4","icon":"&#129470;","soort":"maatwerk","onderwerpen":["Leren programmeren","Groovy kennismaking","Datatypen, methoden en operatoren","Programmeerstructuren","Collecties","Objectoriëntatie; klassen, reference variabelen en modifiers","Packages, modules en scripts","Testing, libraries en tools"]},{"titel":"Micro front-ends","duur":0.5,"image":{"url":"microfrontends.png","alt":"Dit is een plaatje","title":"Titel van het plaatje"},"id":"MF1","icon":"&#129516;","soort":"maatwerk","onderwerpen":["Introductie en front-end development","Wat en waarom","Technische implementatie","W3 Web Components","Workshop"]},{"titel":"Introductie Azure (AZ-900)","duur":2,"image":{"url":"az900.jpg","alt":"Dit is een plaatje","title":"Titel van het plaatje"},"id":"IA2","icon":"&#9729;","soort":"standaard","onderwerpen":["Begrijpen van Cloud Concepten","Kennen van de Core Azure Services","Begrijpen van Security, Privacy, Compliance en Trust in Azure","Begrijpen van Azure Pricing en Support"]},{"titel":"Introductie Blockchain","duur":0.5,"image":{"url":"blockchain.jpg","alt":"Dit is een plaatje","title":"Titel van het plaatje"},"id":"IB1","icon":"&#129516;","soort":"maatwerk","onderwerpen":["Concepten; transacties, blokken, hashses, chain, proof of work, concensus","Security en toepasbaarheid","Praktijk casus"]},{"titel":"Gamification Workshop","duur":0.5,"image":{"url":"gamification.jpg","alt":"Dit is een plaatje","title":"Titel van het plaatje"},"id":"GW1","icon":"&#127918;","soort":"maatwerk","onderwerpen":["Begrijpen wat gamification inhoudt","Weten wat de voordelen van het gebruik van gamification zijn","Kunnen bedenken van gamification use cases binnen een eigen (werk)omgeving"]}],"soon":[{"titel":"Nieuw in de IT","maand":"Januari","jaar":2024,"icon":"&#128187;","onderwerpen":["Historie van IT; Turing machine tot desktop pc","Hardware; chips, bits en bytes","Besturingssystemen; UNIX tot Windows 10","Software; mogelijkheden en programmeer introductie","Databases, SQL en NoSQL","Development technieken en pipelines","Scrum en Agile","Big Data, IOT en Blockchain","Cloud computing en Quantum computing","Toekomst van de IT; Mens-machine interfaces en genetische algoritmen"]}],"todo":[]},"schema":{"type":"object","properties":{"assortiment":{"type":"array","items":{"type":"object","properties":{"titel":{"type":"string"},"duur":{"type":"number"},"image":{"type":"object","properties":{"url":{"type":"string"},"alt":{"type":"string"},"title":{"type":"string"}}},"id":{"type":"string"},"icon":{"type":"string"},"soort":{"type":"string"},"onderwerpen":{"type":"array","items":{"type":"string"}}},"required":["titel","duur","image","id","icon","soort","onderwerpen"]}},"soon":{"type":"array","items":{"type":"object","properties":{"titel":{"type":"string"},"maand":{"type":"string"},"jaar":{"type":"number"},"icon":{"type":"string"},"onderwerpen":{"type":"array","items":{"type":"string"}}},"required":["titel","maand","jaar","icon","onderwerpen"]}},"todo":{"type":"array"}}}}},"Compose":{"runAfter":{"Parse_JSON":["Succeeded"]},"metadata":{"operationMetadataId":"e53cf0cb-4f4b-46d7-8e49-aab1a49a61db"},"type":"Compose","inputs":"@outputs('Parse_JSON').body.assortiment?[0]?.titel"}}},"connectionReferences":{},"flowFailureAlertSubscribed":false,"isManaged":false}}