{
  "properties": {
    "connectionReferences": {
      "shared_commondataserviceforapps": {
        "runtimeSource": "embedded",
        "connection": {
          "connectionReferenceLogicalName": "stj_Dataversereference"
        },
        "api": {
          "name": "shared_commondataserviceforapps"
        }
      },
      "shared_flowpush": {
        "runtimeSource": "embedded",
        "connection": {
          "connectionReferenceLogicalName": "stj_sharedflowpush_e3345"
        },
        "api": {
          "name": "shared_flowpush"
        }
      }
    },
    "definition": {
      "$schema": "https://schema.management.azure.com/providers/Microsoft.Logic/schemas/2016-06-01/workflowdefinition.json#",
      "contentVersion": "1.0.0.0",
      "parameters": {
        "$connections": {
          "defaultValue": {},
          "type": "Object"
        },
        "$authentication": {
          "defaultValue": {},
          "type": "SecureObject"
        }
      },
      "triggers": {
        "When_a_row_is_added,_modified_or_deleted": {
          "metadata": {
            "operationMetadataId": "2d28048a-d9b7-4b6e-b52f-d64c66d454c2"
          },
          "type": "OpenApiConnectionWebhook",
          "inputs": {
            "host": {
              "connectionName": "shared_commondataserviceforapps",
              "operationId": "SubscribeWebhookTrigger",
              "apiId": "/providers/Microsoft.PowerApps/apis/shared_commondataserviceforapps"
            },
            "parameters": {
              "subscriptionRequest/message": 1,
              "subscriptionRequest/entityname": "cre94_auto",
              "subscriptionRequest/scope": 4
            },
            "authentication": "@parameters('$authentication')"
          }
        }
      },
      "actions": {
        "Get_a_row_by_ID": {
          "runAfter": {},
          "metadata": {
            "operationMetadataId": "00ac8feb-71ec-4c3f-a0dd-dd3e2ece24de"
          },
          "type": "OpenApiConnection",
          "inputs": {
            "host": {
              "connectionName": "shared_commondataserviceforapps",
              "operationId": "GetItem",
              "apiId": "/providers/Microsoft.PowerApps/apis/shared_commondataserviceforapps"
            },
            "parameters": {
              "entityName": "systemusers",
              "recordId": "@triggerOutputs()?['body/_modifiedby_value']"
            },
            "authentication": "@parameters('$authentication')"
          }
        },
        "Send_me_a_mobile_notification": {
          "runAfter": {
            "Get_a_row_by_ID": [
              "Succeeded"
            ]
          },
          "metadata": {
            "operationMetadataId": "16467092-349f-46e9-994e-cb562d2c73c3"
          },
          "type": "OpenApiConnection",
          "inputs": {
            "host": {
              "connectionName": "shared_flowpush",
              "operationId": "SendNotification",
              "apiId": "/providers/Microsoft.PowerApps/apis/shared_flowpush"
            },
            "parameters": {
              "NotificationDefinition/notificationText": "Rij toegevoegd door user met e-mail: @{outputs('Get_a_row_by_ID')?['body/internalemailaddress']}"
            },
            "authentication": "@parameters('$authentication')"
          }
        }
      }
    },
    "templateName": ""
  },
  "schemaVersion": "1.0.0.0"
}