{
  "properties": {
    "connectionReferences": {
      "shared_commondataserviceforapps": {
        "runtimeSource": "embedded",
        "connection": {
          "connectionReferenceLogicalName": "stj_Dataversereference"
        },
        "api": {
          "name": "shared_commondataserviceforapps"
        }
      }
    },
    "definition": {
      "$schema": "https://schema.management.azure.com/providers/Microsoft.Logic/schemas/2016-06-01/workflowdefinition.json#",
      "contentVersion": "1.0.0.0",
      "parameters": {
        "$connections": {
          "defaultValue": {},
          "type": "Object"
        },
        "$authentication": {
          "defaultValue": {},
          "type": "SecureObject"
        }
      },
      "triggers": {
        "Recurrence": {
          "recurrence": {
            "frequency": "Month",
            "interval": 1
          },
          "metadata": {
            "operationMetadataId": "73819d96-1eb1-4ea0-b7d9-4aca96398119"
          },
          "type": "Recurrence"
        }
      },
      "actions": {
        "Compose_3": {
          "runAfter": {
            "Initialize_variable": [
              "Succeeded"
            ]
          },
          "metadata": {
            "operationMetadataId": "7868d633-e816-4df1-8572-d829959b490c"
          },
          "type": "Compose",
          "inputs": "@first(outputs('List_rows')?['body/value'])?['cre94_merk']",
          "description": "Even proberen de eerste uit te lezen. Kolom in de rij tonen doen wij met     ?['kolomnaam']"
        },
        "Compose_4": {
          "runAfter": {
            "Compose_3": [
              "Succeeded"
            ]
          },
          "metadata": {
            "operationMetadataId": "ae95bc5d-ed40-438a-ba99-760997a8162a"
          },
          "type": "Compose",
          "inputs": "@outputs('List_rows')?['body/value'][0]['cre94_merk']",
          "description": "Blokhaak notatie achter elkaar aan mag ook"
        },
        "Compose_5": {
          "runAfter": {
            "Compose_4": [
              "Succeeded"
            ]
          },
          "metadata": {
            "operationMetadataId": "66c3f849-25cf-446e-aedf-c55d5bd61c71"
          },
          "type": "Compose",
          "inputs": "@outputs('List_rows')['body/value'][0]?['cre94_merk']",
          "description": "Zelfs zonder vraagteken mag, is dan -zonder- null check van object, dus kan error opleveren... verderop gebruiken mag ook uiteraard."
        },
        "Compose": {
          "runAfter": {
            "Compose_5": [
              "Succeeded"
            ]
          },
          "metadata": {
            "operationMetadataId": "114be830-0cfa-42bd-a7c7-b6318e8adb34"
          },
          "type": "Compose",
          "inputs": "@outputs('List_rows').body.value[0].cre94_merk",
          "description": "Opvragen middels punt . notatie mag ook. Let op; dan geen dynamische property namen te gebruiken"
        },
        "Initialize_variable": {
          "runAfter": {
            "List_rows": [
              "Succeeded"
            ]
          },
          "metadata": {
            "operationMetadataId": "2d1765d5-38b6-4851-b239-98c5e68ce8b5"
          },
          "type": "InitializeVariable",
          "inputs": {
            "variables": [
              {
                "name": "Kolomnaam",
                "type": "string",
                "value": "cre94_merk"
              }
            ]
          }
        },
        "Compose_2": {
          "runAfter": {
            "Compose": [
              "Succeeded"
            ]
          },
          "metadata": {
            "operationMetadataId": "c945ba78-518f-4f2d-b8a3-955a0146cd8a"
          },
          "type": "Compose",
          "inputs": "@outputs('List_rows').body.value[0][variables('Kolomnaam')]",
          "description": "Middels punt . notatie mét dynamisch gevulde eigenschap"
        },
        "List_rows": {
          "runAfter": {},
          "metadata": {
            "operationMetadataId": "f5275a19-6d51-4400-a9d2-60b76dbcfc90"
          },
          "type": "OpenApiConnection",
          "inputs": {
            "host": {
              "connectionName": "shared_commondataserviceforapps",
              "operationId": "ListRecords",
              "apiId": "/providers/Microsoft.PowerApps/apis/shared_commondataserviceforapps"
            },
            "parameters": {
              "entityName": "cre94_autos"
            },
            "authentication": "@parameters('$authentication')"
          }
        }
      }
    },
    "templateName": ""
  },
  "schemaVersion": "1.0.0.0"
}