{
  "properties": {
    "connectionReferences": {
      "shared_office365_1": {
        "runtimeSource": "invoker",
        "connection": {
          "connectionReferenceLogicalName": "stj_Office365Outlookshared"
        },
        "api": {
          "name": "shared_office365"
        }
      },
      "shared_flowpush_1": {
        "runtimeSource": "invoker",
        "connection": {
          "connectionReferenceLogicalName": "stj_sharedflowpush_e3345"
        },
        "api": {
          "name": "shared_flowpush"
        }
      }
    },
    "definition": {
      "$schema": "https://schema.management.azure.com/providers/Microsoft.Logic/schemas/2016-06-01/workflowdefinition.json#",
      "contentVersion": "1.0.0.0",
      "parameters": {
        "$connections": {
          "defaultValue": {},
          "type": "Object"
        },
        "$authentication": {
          "defaultValue": {},
          "type": "SecureObject"
        }
      },
      "triggers": {
        "manual": {
          "metadata": {
            "operationMetadataId": "a892cf33-f295-4948-bcac-1055ac8b1a46"
          },
          "type": "Request",
          "kind": "Button",
          "inputs": {
            "schema": {
              "type": "object",
              "properties": {},
              "required": []
            }
          }
        }
      },
      "actions": {
        "Try": {
          "actions": {
            "Belangrijke_server_aanroep,_maar_URL_bestaat_niet": {
              "runAfter": {},
              "metadata": {
                "operationMetadataId": "d98a0b0f-6e71-4e6a-a56c-d49506ba5fad"
              },
              "type": "Http",
              "inputs": {
                "method": "GET",
                "uri": "https://www.nietbestaandeURL.nl"
              }
            }
          },
          "runAfter": {},
          "metadata": {
            "operationMetadataId": "a01fcb58-378d-4e43-bbc9-182e214c0cdb"
          },
          "type": "Scope"
        },
        "Catch": {
          "actions": {
            "Send_an_email_(V2)": {
              "runAfter": {},
              "metadata": {
                "operationMetadataId": "ac6bf563-3767-4727-b2d2-86d498f2cfa1"
              },
              "type": "OpenApiConnection",
              "inputs": {
                "host": {
                  "connectionName": "shared_office365_1",
                  "operationId": "SendEmailV2",
                  "apiId": "/providers/Microsoft.PowerApps/apis/shared_office365"
                },
                "parameters": {
                  "emailMessage/To": "info@stijnjanssen.nl",
                  "emailMessage/Subject": "Let op: versturen server bericht niet gelukt",
                  "emailMessage/Body": "<p>En dat om: @{utcNow()}</p>"
                },
                "authentication": {
                  "type": "Raw",
                  "value": "@json(decodeBase64(triggerOutputs().headers['X-MS-APIM-Tokens']))['$ConnectionKey']"
                }
              }
            }
          },
          "runAfter": {
            "Try": [
              "Failed",
              "TimedOut",
              "Skipped"
            ]
          },
          "metadata": {
            "operationMetadataId": "7fbfe145-d118-434e-b9c2-fd9f43a52a57"
          },
          "type": "Scope"
        },
        "Finally": {
          "actions": {
            "Send_me_a_mobile_notification": {
              "runAfter": {},
              "metadata": {
                "operationMetadataId": "edebd2b5-3648-4078-91b7-1a9a5805cd54"
              },
              "type": "OpenApiConnection",
              "inputs": {
                "host": {
                  "connectionName": "shared_flowpush_1",
                  "operationId": "SendNotification",
                  "apiId": "/providers/Microsoft.PowerApps/apis/shared_flowpush"
                },
                "parameters": {
                  "NotificationDefinition/notificationText": "Klaar hoor, alles even afronden en opruimen"
                },
                "authentication": {
                  "type": "Raw",
                  "value": "@json(decodeBase64(triggerOutputs().headers['X-MS-APIM-Tokens']))['$ConnectionKey']"
                }
              }
            }
          },
          "runAfter": {
            "Catch": [
              "Succeeded",
              "Failed",
              "Skipped",
              "TimedOut"
            ]
          },
          "metadata": {
            "operationMetadataId": "8d491954-19dd-495f-87c3-b5afcfc63be1"
          },
          "type": "Scope"
        }
      },
      "outputs": {}
    },
    "templateName": ""
  },
  "schemaVersion": "1.0.0.0"
}