{"name":"0e064bc7-2a53-4df0-8f6d-7ab12d68a715","id":"/providers/Microsoft.Flow/flows/0e064bc7-2a53-4df0-8f6d-7ab12d68a715","type":"Microsoft.Flow/flows","properties":{"apiId":"/providers/Microsoft.PowerApps/apis/shared_logicflows","displayName":"Meeting na teams bericht","definition":{"metadata":{"workflowEntityId":null,"processAdvisorMetadata":null,"flowclientsuspensionreason":"None","flowclientsuspensiontime":null,"creator":{"id":"16e3aed5-5519-4163-8eb8-35e2610d9d70","type":"User","tenantId":"c69599cb-a28d-4462-8b10-e56da29e2b05"},"provisioningMethod":"FromDefinition","failureAlertSubscription":true,"clientLastModifiedTime":"2021-08-13T13:22:42.8385365Z"},"$schema":"https://schema.management.azure.com/providers/Microsoft.Logic/schemas/2016-06-01/workflowdefinition.json#","contentVersion":"1.0.0.0","parameters":{"$connections":{"defaultValue":{},"type":"Object"},"$authentication":{"defaultValue":{},"type":"SecureObject"}},"triggers":{"When_a_new_channel_message_is_added":{"recurrence":{"frequency":"Minute","interval":1},"splitOn":"@triggerOutputs()?['body']","type":"OpenApiConnection","inputs":{"host":{"apiId":"/providers/Microsoft.PowerApps/apis/shared_teams","connectionName":"shared_teams","operationId":"OnNewChannelMessage"},"parameters":{"groupId":"9355646d-9600-47fa-8f85-df777ce9b7e2","channelId":"19:kQc982bfHsTn5mbVOvL1PDoRmuTnzPkaVue_UEFSfPQ1@thread.tacv2"},"authentication":"@parameters('$authentication')"}}},"actions":{"Create_a_Teams_meeting":{"runAfter":{},"type":"OpenApiConnection","inputs":{"host":{"apiId":"/providers/Microsoft.PowerApps/apis/shared_teams","connectionName":"shared_teams","operationId":"CreateTeamsMeeting"},"parameters":{"calendarid":"Calendar","item/subject":"Overleg nodig","item/body/content":"Omdat dit in de chat stond: @{triggerOutputs()?['body/body/content']}","item/timeZone":"Central European Standard Time","item/start/dateTime":"@addDays(utcNow(),+1)","item/end/dateTime":"@addHours(utcNow(),+1)","item/requiredAttendees":"@triggerOutputs()?['body/from/user/id']"},"authentication":"@parameters('$authentication')"}}}},"connectionReferences":{"shared_teams":{"connectionName":"shared-teams-ae084029-565a-48ef-ba41-55e9cb95ed9a","source":"Embedded","id":"/providers/Microsoft.PowerApps/apis/shared_teams","tier":"NotSpecified"}},"flowFailureAlertSubscribed":false}}