<ImportExportXml version="9.2.23022.178" SolutionPackageVersion="9.2" languagecode="1033" generatedBy="CrmLive" xmlns:xsi="http://www.w3.org/2001/XMLSchema-instance">
  <SolutionManifest>
    <UniqueName>Hulpflows</UniqueName>
    <LocalizedNames>
      <LocalizedName description="Hulpflows" languagecode="1033" />
    </LocalizedNames>
    <Descriptions />
    <Version>1.0.0.3</Version>
    <Managed>0</Managed>
    <Publisher>
      <UniqueName>stijn</UniqueName>
      <LocalizedNames>
        <LocalizedName description="stijn" languagecode="1033" />
      </LocalizedNames>
      <Descriptions>
        <Description description="publisher stijn" languagecode="1033" />
      </Descriptions>
      <EMailAddress xsi:nil="true"></EMailAddress>
      <SupportingWebsiteUrl xsi:nil="true"></SupportingWebsiteUrl>
      <CustomizationPrefix>stj</CustomizationPrefix>
      <CustomizationOptionValuePrefix>10000</CustomizationOptionValuePrefix>
      <Addresses>
        <Address>
          <AddressNumber>1</AddressNumber>
          <AddressTypeCode>1</AddressTypeCode>
          <City xsi:nil="true"></City>
          <County xsi:nil="true"></County>
          <Country xsi:nil="true"></Country>
          <Fax xsi:nil="true"></Fax>
          <FreightTermsCode xsi:nil="true"></FreightTermsCode>
          <ImportSequenceNumber xsi:nil="true"></ImportSequenceNumber>
          <Latitude xsi:nil="true"></Latitude>
          <Line1 xsi:nil="true"></Line1>
          <Line2 xsi:nil="true"></Line2>
          <Line3 xsi:nil="true"></Line3>
          <Longitude xsi:nil="true"></Longitude>
          <Name xsi:nil="true"></Name>
          <PostalCode xsi:nil="true"></PostalCode>
          <PostOfficeBox xsi:nil="true"></PostOfficeBox>
          <PrimaryContactName xsi:nil="true"></PrimaryContactName>
          <ShippingMethodCode>1</ShippingMethodCode>
          <StateOrProvince xsi:nil="true"></StateOrProvince>
          <Telephone1 xsi:nil="true"></Telephone1>
          <Telephone2 xsi:nil="true"></Telephone2>
          <Telephone3 xsi:nil="true"></Telephone3>
          <TimeZoneRuleVersionNumber xsi:nil="true"></TimeZoneRuleVersionNumber>
          <UPSZone xsi:nil="true"></UPSZone>
          <UTCOffset xsi:nil="true"></UTCOffset>
          <UTCConversionTimeZoneCode xsi:nil="true"></UTCConversionTimeZoneCode>
        </Address>
        <Address>
          <AddressNumber>2</AddressNumber>
          <AddressTypeCode>1</AddressTypeCode>
          <City xsi:nil="true"></City>
          <County xsi:nil="true"></County>
          <Country xsi:nil="true"></Country>
          <Fax xsi:nil="true"></Fax>
          <FreightTermsCode xsi:nil="true"></FreightTermsCode>
          <ImportSequenceNumber xsi:nil="true"></ImportSequenceNumber>
          <Latitude xsi:nil="true"></Latitude>
          <Line1 xsi:nil="true"></Line1>
          <Line2 xsi:nil="true"></Line2>
          <Line3 xsi:nil="true"></Line3>
          <Longitude xsi:nil="true"></Longitude>
          <Name xsi:nil="true"></Name>
          <PostalCode xsi:nil="true"></PostalCode>
          <PostOfficeBox xsi:nil="true"></PostOfficeBox>
          <PrimaryContactName xsi:nil="true"></PrimaryContactName>
          <ShippingMethodCode>1</ShippingMethodCode>
          <StateOrProvince xsi:nil="true"></StateOrProvince>
          <Telephone1 xsi:nil="true"></Telephone1>
          <Telephone2 xsi:nil="true"></Telephone2>
          <Telephone3 xsi:nil="true"></Telephone3>
          <TimeZoneRuleVersionNumber xsi:nil="true"></TimeZoneRuleVersionNumber>
          <UPSZone xsi:nil="true"></UPSZone>
          <UTCOffset xsi:nil="true"></UTCOffset>
          <UTCConversionTimeZoneCode xsi:nil="true"></UTCConversionTimeZoneCode>
        </Address>
      </Addresses>
    </Publisher>
    <RootComponents>
      <RootComponent type="1" schemaName="cre94_auto" behavior="0" />
      <RootComponent type="29" id="{1dc88fe4-c1c8-ed11-b597-0022489fdcf6}" behavior="0" />
      <RootComponent type="29" id="{1f80bd5e-6495-ec11-b400-0022489e201c}" behavior="0" />
      <RootComponent type="29" id="{37db4fd7-4f96-ec11-b400-0022489e2607}" behavior="0" />
      <RootComponent type="29" id="{4109fe04-61b1-ed11-83ff-0022489fd688}" behavior="0" />
      <RootComponent type="29" id="{6aba9482-cfc8-ed11-b597-0022489fdcf6}" behavior="0" />
      <RootComponent type="29" id="{ebc155ee-7895-ec11-b400-0022489e2607}" behavior="0" />
      <RootComponent type="29" id="{ee522d5c-7995-ec11-b400-0022489e2607}" behavior="0" />
      <RootComponent type="29" id="{fbdd5c39-94c8-ed11-b597-0022489fd688}" behavior="0" />
      <RootComponent type="60" id="{70f26156-885b-ed11-9562-0022489fdcf6}" />
    </RootComponents>
    <MissingDependencies>
      <MissingDependency>
        <Required type="1" schemaName="cre94_car" displayName="Car" solution="Active" />
        <Dependent type="29" displayName="Trigger Condition" id="{4109fe04-61b1-ed11-83ff-0022489fd688}" />
      </MissingDependency>
      <MissingDependency>
        <Required type="1" schemaName="new_autoproces" displayName="Auto proces" solution="Active" />
        <Dependent type="1" schemaName="cre94_auto" displayName="Auto" />
      </MissingDependency>
      <MissingDependency>
        <Required type="connectionreference" displayName="stj_sharedoffice365_d5873" solution="Active" id.connectionreferencelogicalname="stj_sharedoffice365_d5873" />
        <Dependent type="29" displayName="Trigger Condition" id="{4109fe04-61b1-ed11-83ff-0022489fd688}" />
      </MissingDependency>
    </MissingDependencies>
  </SolutionManifest>
</ImportExportXml>