{"name":"fa71bfde-9c05-4fc9-b54a-a8290b101e1f","id":"/providers/Microsoft.Flow/flows/fa71bfde-9c05-4fc9-b54a-a8290b101e1f","type":"Microsoft.Flow/flows","properties":{"apiId":"/providers/Microsoft.PowerApps/apis/shared_logicflows","displayName":"Weerbericht boven de 30 notificatie","definition":{"metadata":{"workflowEntityId":null,"processAdvisorMetadata":null,"flowclientsuspensionreason":"None","flowclientsuspensiontime":null,"flowclientsuspensionreasondetails":null,"creator":{"id":"16e3aed5-5519-4163-8eb8-35e2610d9d70","type":"User","tenantId":"c69599cb-a28d-4462-8b10-e56da29e2b05"},"provisioningMethod":"FromDefinition","failureAlertSubscription":true,"clientLastModifiedTime":"2023-03-28T06:18:32.783413Z"},"$schema":"https://schema.management.azure.com/providers/Microsoft.Logic/schemas/2016-06-01/workflowdefinition.json#","contentVersion":"1.0.0.0","parameters":{"$connections":{"defaultValue":{},"type":"Object"},"$authentication":{"defaultValue":{},"type":"SecureObject"}},"triggers":{"Recurrence":{"recurrence":{"frequency":"Day","interval":1},"metadata":{"operationMetadataId":"f246b48a-4bf9-4a1e-bd8d-fce9d1e6c377"},"type":"Recurrence"}},"actions":{"Get_forecast_for_today":{"runAfter":{},"metadata":{"operationMetadataId":"8f87160b-1804-438f-900d-4ae989071f4f"},"type":"OpenApiConnection","inputs":{"host":{"apiId":"/providers/Microsoft.PowerApps/apis/shared_msnweather","connectionName":"shared_msnweather","operationId":"TodaysForecast"},"parameters":{"Location":"Ede","units":"C"},"authentication":"@parameters('$authentication')"}},"Condition":{"actions":{"Send_me_a_mobile_notification":{"runAfter":{},"metadata":{"operationMetadataId":"5d1a7d23-ad75-48ac-83a0-83a22fa246d6"},"type":"OpenApiConnection","inputs":{"host":{"apiId":"/providers/Microsoft.PowerApps/apis/shared_flowpush","connectionName":"shared_flowpush","operationId":"SendNotification"},"parameters":{"NotificationDefinition/notificationText":"Tijd voor ijs! Het is nu @{outputs('Get_forecast_for_today')?['body/responses/daily/tempHi']} graden"},"authentication":"@parameters('$authentication')"}}},"runAfter":{"Get_forecast_for_today":["Succeeded"]},"else":{"actions":{"Terminate":{"runAfter":{},"metadata":{"operationMetadataId":"4dd46be3-805a-4971-b94e-41ebd65660d9"},"type":"Terminate","inputs":{"runStatus":"Failed","runError":{"code":"42","message":"Helaas, geen goed weer"}}}}},"expression":{"greaterOrEquals":["@outputs('Get_forecast_for_today')?['body/responses/daily/tempHi']",30]},"metadata":{"operationMetadataId":"fd29798d-eb66-462f-9aeb-ce682dd897d5"},"type":"If"}},"outputs":{}},"connectionReferences":{"shared_msnweather":{"connectionName":"c78d91ff8e54435283999e4ccdf01979","source":"Embedded","id":"/providers/Microsoft.PowerApps/apis/shared_msnweather","tier":"NotSpecified"},"shared_flowpush":{"connectionName":"8e3a0da8b2244ff9b055f2c9493c6e14","source":"Embedded","id":"/providers/Microsoft.PowerApps/apis/shared_flowpush","tier":"NotSpecified"}},"flowFailureAlertSubscribed":false,"isManaged":false}}